7f4cb15773c0,7f4cb15773c0,0
7f4cb15773c0,7f4c4dd71640,442
7f4cb15773c0,7f4cb2d41100,440
7f4cb15773c0,7f4c7355cfc0,430
7f4cb15773c0,7f4c66966480,430
7f4cb15773c0,7f4c645b3800,430
7f4cb15773c0,7f4cad3cec80,440
7f4cb15773c0,7f4c7f39cfc0,442
7f4cb15773c0,7f4c7bf072c0,442
7f4cb15773c0,7f4cc737ad40,430
7f4cb15773c0,7f4c9f0cf6c0,440
7f4cb15773c0,7f4c685f69c0,444
7f4cb15773c0,7f4ca9e62200,442
7f4cb15773c0,7f4c6c22fac0,434
7f4cb15773c0,7f4ca2ae2d00,444
7f4cb15773c0,7f4c8d62c6c0,430
7f4cb15773c0,7f4c8adf8000,444
7f4cb15773c0,7f4c9a83c480,440
7f4cb15773c0,7f4c8c507280,430
7f4cb15773c0,7f4c8c0a9f40,430
7f4cb15773c0,7f4c624bd0c0,434
7f4cb15773c0,7f4c4e66ff80,444
7f4cb15773c0,7f4ca6e5eac0,442
7f4cb15773c0,7f4cbfb5f880,430
7f4cb15773c0,7f4c4abd0c00,444
7f4cb15773c0,7f4c4c03ca80,430
7f4cb15773c0,7f4c689051c0,432
7f4cb15773c0,7f4cc4598040,434
7f4cb15773c0,7f4c56168400,428
7f4cb15773c0,7f4c65d63840,432
7f4cb15773c0,7f4c8fb3c780,430
7f4cb15773c0,7f4cb35748c0,430
7f4cb15773c0,7f4ca1a43b00,432
7f4cb15773c0,7f4cba163400,440
7f4cb15773c0,7f4c5c114a80,430
7f4cb15773c0,7f4c9a295e80,442
7f4cb15773c0,7f4c49b5ac40,442
7f4cb15773c0,7f4c750f1c40,436
7f4cb15773c0,7f4c6f1f0100,436
7f4cb15773c0,7f4c9d389c40,430
7f4cb15773c0,7f4cb650b540,442
7f4cb15773c0,7f4cb0e7b400,434
7f4cb15773c0,7f4cc3fad8c0,430
